x,y,value
0,0,4
0,33,1
0,56,1
0,89,1
0,102,1
0,158,1
0,191,1
0,198,1
0,204,1
0,210,1
0,302,1
0,310,1
0,359,1
1,1,4
1,35,1
1,58,1
1,95,1
1,103,1
1,164,1
1,185,1
1,199,1
1,204,1
1,210,1
1,304,1
1,308,1
1,353,1
2,2,4
2,39,1
2,62,1
2,83,1
2,108,1
2,152,1
2,189,1
2,198,1
2,204,1
2,211,1
2,296,1
2,308,1
2,357,1
3,3,4
3,41,1
3,64,1
3,93,1
3,109,1
3,166,1
3,179,1
3,198,1
3,205,1
3,211,1
3,298,1
3,310,1
3,347,1
4,4,4
4,45,1
4,68,1
4,81,1
4,114,1
4,154,1
4,183,1
4,199,1
4,205,1
4,210,1
4,298,1
4,302,1
4,351,1
5,5,4
5,47,1
5,70,1
5,87,1
5,115,1
5,160,1
5,177,1
5,199,1
5,205,1
5,211,1
5,296,1
5,304,1
5,345,1
6,6,4
6,27,1
6,50,1
6,88,1
6,96,1
6,156,1
6,190,1
6,192,1
6,206,1
6,212,1
6,300,1
6,311,1
6,358,1
7,7,4
7,29,1
7,52,1
7,94,1
7,97,1
7,162,1
7,184,1
7,193,1
7,206,1
7,212,1
7,305,1
7,306,1
7,352,1
8,8,4
8,37,1
8,60,1
8,77,1
8,110,1
8,146,1
8,187,1
8,192,1
8,206,1
8,213,1
8,290,1
8,306,1
8,355,1
9,9,4
9,40,1
9,65,1
9,91,1
9,111,1
9,167,1
9,173,1
9,192,1
9,207,1
9,213,1
9,292,1
9,311,1
9,341,1
10,10,4
10,43,1
10,66,1
10,75,1
10,116,1
10,148,1
10,181,1
10,193,1
10,207,1
10,212,1
10,292,1
10,300,1
10,349,1
11,11,4
11,46,1
11,71,1
11,85,1
11,117,1
11,161,1
11,171,1
11,193,1
11,207,1
11,213,1
11,290,1
11,305,1
11,339,1
12,12,4
12,25,1
12,48,1
12,82,1
12,98,1
12,150,1
12,188,1
12,194,1
12,200,1
12,214,1
12,294,1
12,309,1
12,356,1
13,13,4
13,28,1
13,53,1
13,92,1
13,99,1
13,163,1
13,178,1
13,195,1
13,200,1
13,214,1
13,299,1
13,307,1
13,346,1
14,14,4
14,31,1
14,54,1
14,76,1
14,104,1
14,144,1
14,186,1
14,194,1
14,200,1
14,215,1
14,288,1
14,307,1
14,354,1
15,15,4
15,34,1
15,59,1
15,90,1
15,105,1
15,165,1
15,172,1
15,194,1
15,201,1
15,215,1
15,293,1
15,309,1
15,340,1
16,16,4
16,42,1
16,67,1
16,73,1
16,118,1
16,149,1
16,175,1
16,195,1
16,201,1
16,214,1
16,293,1
16,294,1
16,343,1
17,17,4
17,44,1
17,69,1
17,79,1
17,119,1
17,155,1
17,169,1
17,195,1
17,201,1
17,215,1
17,288,1
17,299,1
17,337,1
18,18,4
18,24,1
18,49,1
18,80,1
18,100,1
18,151,1
18,182,1
18,196,1
18,202,1
18,208,1
18,295,1
18,303,1
18,350,1
19,19,4
19,26,1
19,51,1
19,86,1
19,101,1
19,157,1
19,176,1
19,197,1
19,202,1
19,208,1
19,297,1
19,301,1
19,344,1
20,20,4
20,30,1
20,55,1
20,74,1
20,106,1
20,145,1
20,180,1
20,196,1
20,202,1
20,209,1
20,289,1
20,301,1
20,348,1
21,21,4
21,32,1
21,57,1
21,84,1
21,107,1
21,159,1
21,170,1
21,196,1
21,203,1
21,209,1
21,291,1
21,303,1
21,338,1
22,22,4
22,36,1
22,61,1
22,72,1
22,112,1
22,147,1
22,174,1
22,197,1
22,203,1
22,208,1
22,291,1
22,295,1
22,342,1
23,23,4
23,38,1
23,63,1
23,78,1
23,113,1
23,153,1
23,168,1
23,197,1
23,203,1
23,209,1
23,289,1
23,297,1
23,336,1
24,18,1
24,24,4
24,80,1
24,81,1
24,118,1
24,126,1
24,167,1
24,182,1
24,185,1
24,222,1
24,228,1
24,326,1
24,383,1
25,12,1
25,25,4
25,82,1
25,83,1
25,112,1
25,127,1
25,161,1
25,188,1
25,191,1
25,223,1
25,234,1
25,332,1
25,377,1
26,19,1
26,26,4
26,86,1
26,87,1
26,116,1
26,132,1
26,165,1
26,176,1
26,179,1
26,222,1
26,228,1
26,320,1
26,381,1
27,6,1
27,27,4
27,88,1
27,89,1
27,106,1
27,133,1
27,155,1
27,189,1
27,190,1
27,229,1
27,235,1
27,334,1
27,371,1
28,13,1
28,28,4
28,92,1
28,93,1
28,110,1
28,138,1
28,159,1
28,177,1
28,178,1
28,223,1
28,234,1
28,322,1
28,375,1
29,7,1
29,29,4
29,94,1
29,95,1
29,104,1
29,139,1
29,153,1
29,183,1
29,184,1
29,229,1
29,235,1
29,328,1
29,369,1
30,20,1
30,30,4
30,74,1
30,75,1
30,119,1
30,120,1
30,166,1
30,180,1
30,184,1
30,216,1
30,230,1
30,324,1
30,382,1
31,14,1
31,31,4
31,76,1
31,77,1
31,113,1
31,121,1
31,160,1
31,186,1
31,190,1
31,217,1
31,236,1
31,330,1
31,376,1
32,21,1
32,32,4
32,84,1
32,85,1
32,114,1
32,134,1
32,163,1
32,170,1
32,173,1
32,216,1
32,230,1
32,314,1
32,379,1
33,0,1
33,33,4
33,88,1
33,89,1
33,100,1
33,135,1
33,149,1
33,187,1
33,191,1
33,231,1
33,237,1
33,335,1
33,365,1
34,15,1
34,34,4
34,90,1
34,91,1
34,108,1
34,140,1
34,157,1
34,171,1
34,172,1
34,217,1
34,236,1
34,316,1
34,373,1
35,1,1
35,35,4
35,94,1
35,95,1
35,98,1
35,141,1
35,147,1
35,181,1
35,185,1
35,231,1
35,237,1
35,329,1
35,363,1
36,22,1
36,36,4
36,72,1
36,73,1
36,117,1
36,122,1
36,164,1
36,174,1
36,178,1
36,218,1
36,224,1
36,318,1
36,380,1
37,8,1
37,37,4
37,76,1
37,77,1
37,107,1
37,123,1
37,154,1
37,187,1
37,188,1
37,219,1
37,238,1
37,331,1
37,370,1
38,23,1
38,38,4
38,78,1
38,79,1
38,115,1
38,128,1
38,162,1
38,168,1
38,172,1
38,218,1
38,224,1
38,312,1
38,378,1
39,2,1
39,39,4
39,82,1
39,83,1
39,101,1
39,129,1
39,148,1
39,186,1
39,189,1
39,225,1
39,239,1
39,333,1
39,364,1
40,9,1
40,40,4
40,90,1
40,91,1
40,102,1
40,142,1
40,151,1
40,169,1
40,173,1
40,219,1
40,238,1
40,317,1
40,367,1
41,3,1
41,41,4
41,92,1
41,93,1
41,96,1
41,143,1
41,145,1
41,175,1
41,179,1
41,225,1
41,239,1
41,323,1
41,361,1
42,16,1
42,42,4
42,72,1
42,73,1
42,111,1
42,124,1
42,158,1
42,175,1
42,176,1
42,220,1
42,226,1
42,319,1
42,374,1
43,10,1
43,43,4
43,74,1
43,75,1
43,105,1
43,125,1
43,152,1
43,181,1
43,182,1
43,221,1
43,232,1
43,325,1
43,368,1
44,17,1
44,44,4
44,78,1
44,79,1
44,109,1
44,130,1
44,156,1
44,169,1
44,170,1
44,220,1
44,226,1
44,313,1
44,372,1
45,4,1
45,45,4
45,80,1
45,81,1
45,99,1
45,131,1
45,146,1
45,180,1
45,183,1
45,227,1
45,233,1
45,327,1
45,362,1
46,11,1
46,46,4
46,84,1
46,85,1
46,103,1
46,136,1
46,150,1
46,168,1
46,171,1
46,221,1
46,232,1
46,315,1
46,366,1
47,5,1
47,47,4
47,86,1
47,87,1
47,97,1
47,137,1
47,144,1
47,174,1
47,177,1
47,227,1
47,233,1
47,321,1
47,360,1
48,12,1
48,48,4
48,95,1
48,110,1
48,129,1
48,150,1
48,152,1
48,214,1
48,234,1
48,246,1
48,263,1
48,281,1
48,350,1
49,18,1
49,49,4
49,89,1
49,116,1
49,131,1
49,151,1
49,154,1
49,208,1
49,228,1
49,247,1
49,257,1
49,287,1
49,356,1
50,6,1
50,50,4
50,93,1
50,104,1
50,135,1
50,156,1
50,158,1
50,212,1
50,235,1
50,252,1
50,261,1
50,275,1
50,344,1
51,19,1
51,51,4
51,83,1
51,118,1
51,137,1
51,157,1
51,160,1
51,202,1
51,222,1
51,251,1
51,253,1
51,285,1
51,358,1
52,7,1
52,52,4
52,87,1
52,106,1
52,141,1
52,162,1
52,164,1
52,206,1
52,229,1
52,255,1
52,258,1
52,273,1
52,346,1
53,13,1
53,53,4
53,81,1
53,112,1
53,143,1
53,163,1
53,166,1
53,200,1
53,223,1
53,249,1
53,259,1
53,279,1
53,352,1
54,14,1
54,54,4
54,94,1
54,108,1
54,123,1
54,144,1
54,146,1
54,215,1
54,236,1
54,240,1
54,262,1
54,280,1
54,348,1
55,20,1
55,55,4
55,88,1
55,114,1
55,125,1
55,145,1
55,148,1
55,209,1
55,230,1
55,241,1
55,256,1
55,286,1
55,354,1
56,0,1
56,56,4
56,91,1
56,98,1
56,133,1
56,156,1
56,158,1
56,210,1
56,237,1
56,254,1
56,259,1
56,269,1
56,338,1
57,21,1
57,57,4
57,77,1
57,119,1
57,136,1
57,159,1
57,161,1
57,196,1
57,216,1
57,245,1
57,255,1
57,283,1
57,359,1
58,1,1
58,58,4
58,85,1
58,100,1
58,139,1
58,162,1
58,164,1
58,204,1
58,231,1
58,253,1
58,260,1
58,267,1
58,340,1
59,15,1
59,59,4
59,75,1
59,113,1
59,142,1
59,165,1
59,167,1
59,194,1
59,217,1
59,243,1
59,261,1
59,277,1
59,353,1
60,8,1
60,60,4
60,92,1
60,102,1
60,121,1
60,144,1
60,146,1
60,213,1
60,238,1
60,242,1
60,260,1
60,274,1
60,342,1
61,22,1
61,61,4
61,82,1
61,115,1
61,124,1
61,147,1
61,149,1
61,203,1
61,224,1
61,243,1
61,250,1
61,284,1
61,355,1
62,2,1
62,62,4
62,90,1
62,96,1
62,127,1
62,150,1
62,152,1
62,211,1
62,239,1
62,248,1
62,258,1
62,268,1
62,336,1
63,23,1
63,63,4
63,76,1
63,117,1
63,130,1
63,153,1
63,155,1
63,197,1
63,218,1
63,244,1
63,249,1
63,282,1
63,357,1
64,3,1
64,64,4
64,79,1
64,101,1
64,138,1
64,163,1
64,166,1
64,198,1
64,225,1
64,247,1
64,262,1
64,265,1
64,341,1
65,9,1
65,65,4
65,73,1
65,107,1
65,140,1
65,165,1
65,167,1
65,192,1
65,219,1
65,241,1
65,263,1
65,271,1
65,347,1
66,10,1
66,66,4
66,86,1
66,103,1
66,120,1
66,145,1
66,148,1
66,207,1
66,232,1
66,244,1
66,254,1
66,272,1
66,343,1
67,16,1
67,67,4
67,80,1
67,109,1
67,122,1
67,147,1
67,149,1
67,201,1
67,226,1
67,245,1
67,248,1
67,278,1
67,349,1
68,4,1
68,68,4
68,84,1
68,97,1
68,126,1
68,151,1
68,154,1
68,205,1
68,233,1
68,250,1
68,252,1
68,266,1
68,337,1
69,17,1
69,69,4
69,74,1
69,111,1
69,128,1
69,153,1
69,155,1
69,195,1
69,220,1
69,242,1
69,251,1
69,276,1
69,351,1
70,5,1
70,70,4
70,78,1
70,99,1
70,132,1
70,157,1
70,160,1
70,199,1
70,227,1
70,246,1
70,256,1
70,264,1
70,339,1
71,11,1
71,71,4
71,72,1
71,105,1
71,134,1
71,159,1
71,161,1
71,193,1
71,221,1
71,240,1
71,257,1
71,270,1
71,345,1
72,22,1
72,36,1
72,42,1
72,71,1
72,72,4
72,134,1
72,174,1
72,176,1
72,177,1
72,270,1
72,287,1
72,374,1
72,377,1
73,16,1
73,36,1
73,42,1
73,65,1
73,73,4
73,140,1
73,175,1
73,178,1
73,179,1
73,271,1
73,281,1
73,380,1
73,383,1
74,20,1
74,30,1
74,43,1
74,69,1
74,74,4
74,128,1
74,180,1
74,182,1
74,183,1
74,276,1
74,285,1
74,368,1
74,371,1
75,10,1
75,30,1
75,43,1
75,59,1
75,75,4
75,142,1
75,181,1
75,184,1
75,185,1
75,275,1
75,277,1
75,381,1
75,382,1
76,14,1
76,31,1
76,37,1
76,63,1
76,76,4
76,130,1
76,186,1
76,188,1
76,189,1
76,279,1
76,282,1
76,369,1
76,370,1
77,8,1
77,31,1
77,37,1
77,57,1
77,77,4
77,136,1
77,187,1
77,190,1
77,191,1
77,273,1
77,283,1
77,375,1
77,376,1
78,23,1
78,38,1
78,44,1
78,70,1
78,78,4
78,132,1
78,168,1
78,170,1
78,171,1
78,264,1
78,286,1
78,372,1
78,376,1
79,17,1
79,38,1
79,44,1
79,64,1
79,79,4
79,138,1
79,169,1
79,172,1
79,173,1
79,265,1
79,280,1
79,378,1
79,382,1
80,18,1
80,24,1
80,45,1
80,67,1
80,80,4
80,122,1
80,180,1
80,181,1
80,182,1
80,278,1
80,283,1
80,362,1
80,365,1
81,4,1
81,24,1
81,45,1
81,53,1
81,81,4
81,143,1
81,183,1
81,184,1
81,185,1
81,269,1
81,279,1
81,379,1
81,383,1
82,12,1
82,25,1
82,39,1
82,61,1
82,82,4
82,124,1
82,186,1
82,187,1
82,188,1
82,277,1
82,284,1
82,363,1
82,364,1
83,2,1
83,25,1
83,39,1
83,51,1
83,83,4
83,137,1
83,189,1
83,190,1
83,191,1
83,267,1
83,285,1
83,373,1
83,377,1
84,21,1
84,32,1
84,46,1
84,68,1
84,84,4
84,126,1
84,168,1
84,169,1
84,170,1
84,266,1
84,284,1
84,366,1
84,370,1
85,11,1
85,32,1
85,46,1
85,58,1
85,85,4
85,139,1
85,171,1
85,172,1
85,173,1
85,267,1
85,274,1
85,379,1
85,380,1
86,19,1
86,26,1
86,47,1
86,66,1
86,86,4
86,120,1
86,174,1
86,175,1
86,176,1
86,272,1
86,282,1
86,360,1
86,364,1
87,5,1
87,26,1
87,47,1
87,52,1
87,87,4
87,141,1
87,177,1
87,178,1
87,179,1
87,268,1
87,273,1
87,378,1
87,381,1
88,6,1
88,27,1
88,33,1
88,55,1
88,88,4
88,125,1
88,186,1
88,187,1
88,190,1
88,271,1
88,286,1
88,361,1
88,365,1
89,0,1
89,27,1
89,33,1
89,49,1
89,89,4
89,131,1
89,188,1
89,189,1
89,191,1
89,265,1
89,287,1
89,367,1
89,371,1
90,15,1
90,34,1
90,40,1
90,62,1
90,90,4
90,127,1
90,168,1
90,169,1
90,172,1
90,268,1
90,278,1
90,367,1
90,368,1
91,9,1
91,34,1
91,40,1
91,56,1
91,91,4
91,133,1
91,170,1
91,171,1
91,173,1
91,269,1
91,272,1
91,373,1
91,374,1
92,13,1
92,28,1
92,41,1
92,60,1
92,92,4
92,121,1
92,174,1
92,175,1
92,178,1
92,274,1
92,276,1
92,361,1
92,362,1
93,3,1
93,28,1
93,41,1
93,50,1
93,93,4
93,135,1
93,176,1
93,177,1
93,179,1
93,266,1
93,275,1
93,372,1
93,375,1
94,7,1
94,29,1
94,35,1
94,54,1
94,94,4
94,123,1
94,180,1
94,181,1
94,184,1
94,270,1
94,280,1
94,360,1
94,363,1
95,1,1
95,29,1
95,35,1
95,48,1
95,95,4
95,129,1
95,182,1
95,183,1
95,185,1
95,264,1
95,281,1
95,366,1
95,369,1
96,6,1
96,41,1
96,62,1
96,96,4
96,143,1
96,206,1
96,225,1
96,248,1
96,252,1
96,258,1
96,294,1
96,311,1
96,334,1
97,7,1
97,47,1
97,68,1
97,97,4
97,137,1
97,212,1
97,227,1
97,250,1
97,252,1
97,258,1
97,295,1
97,305,1
97,328,1
98,12,1
98,35,1
98,56,1
98,98,4
98,141,1
98,200,1
98,231,1
98,246,1
98,254,1
98,259,1
98,300,1
98,309,1
98,332,1
99,13,1
99,45,1
99,70,1
99,99,4
99,131,1
99,214,1
99,233,1
99,246,1
99,256,1
99,259,1
99,299,1
99,301,1
99,322,1
100,18,1
100,33,1
100,58,1
100,100,4
100,135,1
100,202,1
100,237,1
100,247,1
100,253,1
100,260,1
100,303,1
100,306,1
100,326,1
101,19,1
101,39,1
101,64,1
101,101,4
101,129,1
101,208,1
101,239,1
101,247,1
101,253,1
101,262,1
101,297,1
101,307,1
101,320,1
102,0,1
102,40,1
102,60,1
102,102,4
102,142,1
102,204,1
102,219,1
102,242,1
102,254,1
102,260,1
102,288,1
102,310,1
102,335,1
103,1,1
103,46,1
103,66,1
103,103,4
103,136,1
103,210,1
103,221,1
103,244,1
103,254,1
103,260,1
103,289,1
103,304,1
103,329,1
104,14,1
104,29,1
104,50,1
104,104,4
104,139,1
104,194,1
104,229,1
104,240,1
104,252,1
104,261,1
104,302,1
104,307,1
104,330,1
105,15,1
105,43,1
105,71,1
105,105,4
105,125,1
105,215,1
105,232,1
105,240,1
105,257,1
105,261,1
105,293,1
105,303,1
105,316,1
106,20,1
106,27,1
106,52,1
106,106,4
106,133,1
106,196,1
106,235,1
106,241,1
106,255,1
106,258,1
106,301,1
106,308,1
106,324,1
107,21,1
107,37,1
107,65,1
107,107,4
107,123,1
107,209,1
107,238,1
107,241,1
107,255,1
107,263,1
107,291,1
107,309,1
107,314,1
108,2,1
108,34,1
108,54,1
108,108,4
108,140,1
108,198,1
108,217,1
108,240,1
108,248,1
108,262,1
108,290,1
108,308,1
108,333,1
109,3,1
109,44,1
109,67,1
109,109,4
109,130,1
109,211,1
109,220,1
109,245,1
109,248,1
109,262,1
109,291,1
109,298,1
109,323,1
110,8,1
110,28,1
110,48,1
110,110,4
110,138,1
110,192,1
110,223,1
110,242,1
110,246,1
110,263,1
110,296,1
110,306,1
110,331,1
111,9,1
111,42,1
111,69,1
111,111,4
111,124,1
111,213,1
111,226,1
111,242,1
111,251,1
111,263,1
111,292,1
111,297,1
111,317,1
112,22,1
112,25,1
112,53,1
112,112,4
112,127,1
112,197,1
112,234,1
112,243,1
112,249,1
112,259,1
112,295,1
112,310,1
112,318,1
113,23,1
113,31,1
113,59,1
113,113,4
113,121,1
113,203,1
113,236,1
113,243,1
113,249,1
113,261,1
113,289,1
113,311,1
113,312,1
114,4,1
114,32,1
114,55,1
114,114,4
114,134,1
114,199,1
114,216,1
114,241,1
114,250,1
114,256,1
114,292,1
114,302,1
114,327,1
115,5,1
115,38,1
115,61,1
115,115,4
115,128,1
115,205,1
115,218,1
115,243,1
115,250,1
115,256,1
115,293,1
115,296,1
115,321,1
116,10,1
116,26,1
116,49,1
116,116,4
116,132,1
116,193,1
116,222,1
116,244,1
116,247,1
116,257,1
116,298,1
116,300,1
116,325,1
117,11,1
117,36,1
117,63,1
117,117,4
117,122,1
117,207,1
117,224,1
117,244,1
117,249,1
117,257,1
117,290,1
117,299,1
117,315,1
118,16,1
118,24,1
118,51,1
118,118,4
118,126,1
118,195,1
118,228,1
118,245,1
118,251,1
118,253,1
118,294,1
118,304,1
118,319,1
119,17,1
119,30,1
119,57,1
119,119,4
119,120,1
119,201,1
119,230,1
119,245,1
119,251,1
119,255,1
119,288,1
119,305,1
119,313,1
120,30,1
120,66,1
120,86,1
120,119,1
120,120,4
120,137,1
120,142,1
120,230,1
120,272,1
120,273,1
120,276,1
120,318,1
120,335,1
121,31,1
121,60,1
121,92,1
121,113,1
121,121,4
121,136,1
121,143,1
121,236,1
121,274,1
121,275,1
121,282,1
121,319,1
121,329,1
122,36,1
122,67,1
122,80,1
122,117,1
122,122,4
122,131,1
122,140,1
122,224,1
122,270,1
122,278,1
122,279,1
122,324,1
122,333,1
123,37,1
123,54,1
123,94,1
123,107,1
123,123,4
123,130,1
123,141,1
123,238,1
123,280,1
123,281,1
123,283,1
123,323,1
123,325,1
124,42,1
124,61,1
124,82,1
124,111,1
124,124,4
124,129,1
124,134,1
124,226,1
124,271,1
124,284,1
124,285,1
124,327,1
124,330,1
125,43,1
125,55,1
125,88,1
125,105,1
125,125,4
125,128,1
125,135,1
125,232,1
125,277,1
125,286,1
125,287,1
125,321,1
125,331,1
126,24,1
126,68,1
126,84,1
126,118,1
126,126,4
126,136,1
126,143,1
126,228,1
126,266,1
126,267,1
126,278,1
126,312,1
126,334,1
127,25,1
127,62,1
127,90,1
127,112,1
127,127,4
127,137,1
127,142,1
127,234,1
127,268,1
127,269,1
127,284,1
127,313,1
127,328,1
128,38,1
128,69,1
128,74,1
128,115,1
128,125,1
128,128,4
128,138,1
128,218,1
128,264,1
128,276,1
128,277,1
128,326,1
128,331,1
129,39,1
129,48,1
129,95,1
129,101,1
129,124,1
129,129,4
129,139,1
129,239,1
129,280,1
129,281,1
129,285,1
129,317,1
129,327,1
130,44,1
130,63,1
130,76,1
130,109,1
130,123,1
130,130,4
130,132,1
130,220,1
130,265,1
130,282,1
130,283,1
130,325,1
130,332,1
131,45,1
131,49,1
131,89,1
131,99,1
131,122,1
131,131,4
131,133,1
131,233,1
131,279,1
131,286,1
131,287,1
131,315,1
131,333,1
132,26,1
132,70,1
132,78,1
132,116,1
132,130,1
132,132,4
132,141,1
132,222,1
132,264,1
132,265,1
132,272,1
132,314,1
132,332,1
133,27,1
133,56,1
133,91,1
133,106,1
133,131,1
133,133,4
133,140,1
133,235,1
133,268,1
133,269,1
133,286,1
133,315,1
133,322,1
134,32,1
134,71,1
134,72,1
134,114,1
134,124,1
134,134,4
134,139,1
134,216,1
134,266,1
134,270,1
134,271,1
134,320,1
134,330,1
135,33,1
135,50,1
135,93,1
135,100,1
135,125,1
135,135,4
135,138,1
135,237,1
135,274,1
135,275,1
135,287,1
135,316,1
135,321,1
136,46,1
136,57,1
136,77,1
136,103,1
136,121,1
136,126,1
136,136,4
136,221,1
136,267,1
136,282,1
136,283,1
136,319,1
136,334,1
137,47,1
137,51,1
137,83,1
137,97,1
137,120,1
137,127,1
137,137,4
137,227,1
137,273,1
137,284,1
137,285,1
137,313,1
137,335,1
138,28,1
138,64,1
138,79,1
138,110,1
138,128,1
138,135,1
138,138,4
138,223,1
138,264,1
138,265,1
138,274,1
138,316,1
138,326,1
139,29,1
139,58,1
139,85,1
139,104,1
139,129,1
139,134,1
139,139,4
139,229,1
139,266,1
139,267,1
139,280,1
139,317,1
139,320,1
140,34,1
140,65,1
140,73,1
140,108,1
140,122,1
140,133,1
140,140,4
140,217,1
140,268,1
140,270,1
140,271,1
140,322,1
140,324,1
141,35,1
141,52,1
141,87,1
141,98,1
141,123,1
141,132,1
141,141,4
141,231,1
141,272,1
141,273,1
141,281,1
141,314,1
141,323,1
142,40,1
142,59,1
142,75,1
142,102,1
142,120,1
142,127,1
142,142,4
142,219,1
142,269,1
142,276,1
142,277,1
142,318,1
142,328,1
143,41,1
143,53,1
143,81,1
143,96,1
143,121,1
143,126,1
143,143,4
143,225,1
143,275,1
143,278,1
143,279,1
143,312,1
143,329,1
144,14,1
144,47,1
144,54,1
144,60,1
144,144,4
144,215,1
144,233,1
144,238,1
144,254,1
144,282,1
144,321,1
144,342,1
144,344,1
145,20,1
145,41,1
145,55,1
145,66,1
145,145,4
145,209,1
145,232,1
145,239,1
145,260,1
145,276,1
145,323,1
145,343,1
145,346,1
146,8,1
146,45,1
146,54,1
146,60,1
146,146,4
146,213,1
146,227,1
146,236,1
146,248,1
146,283,1
146,327,1
146,348,1
146,350,1
147,22,1
147,35,1
147,61,1
147,67,1
147,147,4
147,203,1
147,226,1
147,237,1
147,262,1
147,270,1
147,329,1
147,349,1
147,352,1
148,10,1
148,39,1
148,55,1
148,66,1
148,148,4
148,207,1
148,225,1
148,230,1
148,250,1
148,277,1
148,333,1
148,354,1
148,356,1
149,16,1
149,33,1
149,61,1
149,67,1
149,149,4
149,201,1
149,224,1
149,231,1
149,256,1
149,271,1
149,335,1
149,355,1
149,358,1
150,12,1
150,46,1
150,48,1
150,62,1
150,150,4
150,214,1
150,232,1
150,239,1
150,252,1
150,284,1
150,315,1
150,336,1
150,338,1
151,18,1
151,40,1
151,49,1
151,68,1
151,151,4
151,208,1
151,233,1
151,238,1
151,258,1
151,278,1
151,317,1
151,337,1
151,340,1
152,2,1
152,43,1
152,48,1
152,62,1
152,152,4
152,211,1
152,221,1
152,234,1
152,242,1
152,285,1
152,325,1
152,348,1
152,350,1
153,23,1
153,29,1
153,63,1
153,69,1
153,153,4
153,197,1
153,220,1
153,235,1
153,263,1
153,264,1
153,328,1
153,351,1
153,353,1
154,4,1
154,37,1
154,49,1
154,68,1
154,154,4
154,205,1
154,219,1
154,228,1
154,244,1
154,279,1
154,331,1
154,354,1
154,356,1
155,17,1
155,27,1
155,63,1
155,69,1
155,155,4
155,195,1
155,218,1
155,229,1
155,257,1
155,265,1
155,334,1
155,357,1
155,359,1
156,6,1
156,44,1
156,50,1
156,56,1
156,156,4
156,212,1
156,226,1
156,237,1
156,246,1
156,286,1
156,313,1
156,336,1
156,338,1
157,19,1
157,34,1
157,51,1
157,70,1
157,157,4
157,202,1
157,227,1
157,236,1
157,259,1
157,272,1
157,316,1
157,339,1
157,341,1
158,0,1
158,42,1
158,50,1
158,56,1
158,158,4
158,210,1
158,220,1
158,235,1
158,240,1
158,287,1
158,319,1
158,342,1
158,344,1
159,21,1
159,28,1
159,57,1
159,71,1
159,159,4
159,196,1
159,221,1
159,234,1
159,261,1
159,266,1
159,322,1
159,345,1
159,347,1
160,5,1
160,31,1
160,51,1
160,70,1
160,160,4
160,199,1
160,217,1
160,222,1
160,245,1
160,273,1
160,330,1
160,355,1
160,358,1
161,11,1
161,25,1
161,57,1
161,71,1
161,161,4
161,193,1
161,216,1
161,223,1
161,251,1
161,267,1
161,332,1
161,357,1
161,359,1
162,7,1
162,38,1
162,52,1
162,58,1
162,162,4
162,206,1
162,224,1
162,231,1
162,247,1
162,280,1
162,312,1
162,337,1
162,340,1
163,13,1
163,32,1
163,53,1
163,64,1
163,163,4
163,200,1
163,225,1
163,230,1
163,253,1
163,274,1
163,314,1
163,339,1
163,341,1
164,1,1
164,36,1
164,52,1
164,58,1
164,164,4
164,204,1
164,218,1
164,229,1
164,241,1
164,281,1
164,318,1
164,343,1
164,346,1
165,15,1
165,26,1
165,59,1
165,65,1
165,165,4
165,194,1
165,219,1
165,228,1
165,255,1
165,268,1
165,320,1
165,345,1
165,347,1
166,3,1
166,30,1
166,53,1
166,64,1
166,166,4
166,198,1
166,216,1
166,223,1
166,243,1
166,275,1
166,324,1
166,349,1
166,352,1
167,9,1
167,24,1
167,59,1
167,65,1
167,167,4
167,192,1
167,217,1
167,222,1
167,249,1
167,269,1
167,326,1
167,351,1
167,353,1
168,23,1
168,38,1
168,46,1
168,78,1
168,84,1
168,90,1
168,168,4
168,239,1
168,278,1
168,329,1
168,366,1
168,368,1
168,369,1
169,17,1
169,40,1
169,44,1
169,79,1
169,84,1
169,90,1
169,169,4
169,233,1
169,284,1
169,335,1
169,367,1
169,370,1
169,371,1
170,21,1
170,32,1
170,44,1
170,78,1
170,84,1
170,91,1
170,170,4
170,237,1
170,272,1
170,323,1
170,372,1
170,374,1
170,375,1
171,11,1
171,34,1
171,46,1
171,78,1
171,85,1
171,91,1
171,171,4
171,227,1
171,286,1
171,333,1
171,373,1
171,376,1
171,377,1
172,15,1
172,34,1
172,38,1
172,79,1
172,85,1
172,90,1
172,172,4
172,231,1
172,274,1
172,321,1
172,378,1
172,380,1
172,381,1
173,9,1
173,32,1
173,40,1
173,79,1
173,85,1
173,91,1
173,173,4
173,225,1
173,280,1
173,327,1
173,379,1
173,382,1
173,383,1
174,22,1
174,36,1
174,47,1
174,72,1
174,86,1
174,92,1
174,174,4
174,238,1
174,276,1
174,328,1
174,360,1
174,362,1
174,363,1
175,16,1
175,41,1
175,42,1
175,73,1
175,86,1
175,92,1
175,175,4
175,232,1
175,282,1
175,334,1
175,361,1
175,364,1
175,365,1
176,19,1
176,26,1
176,42,1
176,72,1
176,86,1
176,93,1
176,176,4
176,235,1
176,266,1
176,317,1
176,372,1
176,373,1
176,374,1
177,5,1
177,28,1
177,47,1
177,72,1
177,87,1
177,93,1
177,177,4
177,221,1
177,287,1
177,331,1
177,375,1
177,376,1
177,377,1
178,13,1
178,28,1
178,36,1
178,73,1
178,87,1
178,92,1
178,178,4
178,229,1
178,268,1
178,315,1
178,378,1
178,379,1
178,380,1
179,3,1
179,26,1
179,41,1
179,73,1
179,87,1
179,93,1
179,179,4
179,219,1
179,281,1
179,325,1
179,381,1
179,382,1
179,383,1
180,20,1
180,30,1
180,45,1
180,74,1
180,80,1
180,94,1
180,180,4
180,236,1
180,270,1
180,322,1
180,360,1
180,361,1
180,362,1
181,10,1
181,35,1
181,43,1
181,75,1
181,80,1
181,94,1
181,181,4
181,226,1
181,283,1
181,332,1
181,363,1
181,364,1
181,365,1
182,18,1
182,24,1
182,43,1
182,74,1
182,80,1
182,95,1
182,182,4
182,234,1
182,264,1
182,316,1
182,366,1
182,367,1
182,368,1
183,4,1
183,29,1
183,45,1
183,74,1
183,81,1
183,95,1
183,183,4
183,220,1
183,285,1
183,330,1
183,369,1
183,370,1
183,371,1
184,7,1
184,29,1
184,30,1
184,75,1
184,81,1
184,94,1
184,184,4
184,223,1
184,269,1
184,313,1
184,378,1
184,379,1
184,382,1
185,1,1
185,24,1
185,35,1
185,75,1
185,81,1
185,95,1
185,185,4
185,217,1
185,275,1
185,319,1
185,380,1
185,381,1
185,383,1
186,14,1
186,31,1
186,39,1
186,76,1
186,82,1
186,88,1
186,186,4
186,230,1
186,271,1
186,320,1
186,360,1
186,361,1
186,364,1
187,8,1
187,33,1
187,37,1
187,77,1
187,82,1
187,88,1
187,187,4
187,224,1
187,277,1
187,326,1
187,362,1
187,363,1
187,365,1
188,12,1
188,25,1
188,37,1
188,76,1
188,82,1
188,89,1
188,188,4
188,228,1
188,265,1
188,314,1
188,366,1
188,367,1
188,370,1
189,2,1
189,27,1
189,39,1
189,76,1
189,83,1
189,89,1
189,189,4
189,218,1
189,279,1
189,324,1
189,368,1
189,369,1
189,371,1
190,6,1
190,27,1
190,31,1
190,77,1
190,83,1
190,88,1
190,190,4
190,222,1
190,267,1
190,312,1
190,372,1
190,373,1
190,376,1
191,0,1
191,25,1
191,33,1
191,77,1
191,83,1
191,89,1
191,191,4
191,216,1
191,273,1
191,318,1
191,374,1
191,375,1
191,377,1
192,6,1
192,8,1
192,9,1
192,65,1
192,110,1
192,167,1
192,192,4
192,294,1
192,300,1
192,306,1
192,350,1
192,358,1
192,383,1
193,7,1
193,10,1
193,11,1
193,71,1
193,116,1
193,161,1
193,193,4
193,295,1
193,300,1
193,306,1
193,352,1
193,356,1
193,377,1
194,12,1
194,14,1
194,15,1
194,59,1
194,104,1
194,165,1
194,194,4
194,294,1
194,300,1
194,307,1
194,344,1
194,356,1
194,381,1
195,13,1
195,16,1
195,17,1
195,69,1
195,118,1
195,155,1
195,195,4
195,294,1
195,301,1
195,307,1
195,346,1
195,358,1
195,371,1
196,18,1
196,20,1
196,21,1
196,57,1
196,106,1
196,159,1
196,196,4
196,295,1
196,301,1
196,306,1
196,346,1
196,350,1
196,375,1
197,19,1
197,22,1
197,23,1
197,63,1
197,112,1
197,153,1
197,197,4
197,295,1
197,301,1
197,307,1
197,344,1
197,352,1
197,369,1
198,0,1
198,2,1
198,3,1
198,64,1
198,108,1
198,166,1
198,198,4
198,288,1
198,302,1
198,308,1
198,348,1
198,359,1
198,382,1
199,1,1
199,4,1
199,5,1
199,70,1
199,114,1
199,160,1
199,199,4
199,289,1
199,302,1
199,308,1
199,353,1
199,354,1
199,376,1
200,12,1
200,13,1
200,14,1
200,53,1
200,98,1
200,163,1
200,200,4
200,288,1
200,302,1
200,309,1
200,338,1
200,354,1
200,379,1
201,15,1
201,16,1
201,17,1
201,67,1
201,119,1
201,149,1
201,201,4
201,288,1
201,303,1
201,309,1
201,340,1
201,359,1
201,365,1
202,18,1
202,19,1
202,20,1
202,51,1
202,100,1
202,157,1
202,202,4
202,289,1
202,303,1
202,308,1
202,340,1
202,348,1
202,373,1
203,21,1
203,22,1
203,23,1
203,61,1
203,113,1
203,147,1
203,203,4
203,289,1
203,303,1
203,309,1
203,338,1
203,353,1
203,363,1
204,0,1
204,1,1
204,2,1
204,58,1
204,102,1
204,164,1
204,204,4
204,290,1
204,296,1
204,310,1
204,342,1
204,357,1
204,380,1
205,3,1
205,4,1
205,5,1
205,68,1
205,115,1
205,154,1
205,205,4
205,291,1
205,296,1
205,310,1
205,347,1
205,355,1
205,370,1
206,6,1
206,7,1
206,8,1
206,52,1
206,96,1
206,162,1
206,206,4
206,290,1
206,296,1
206,311,1
206,336,1
206,355,1
206,378,1
207,9,1
207,10,1
207,11,1
207,66,1
207,117,1
207,148,1
207,207,4
207,290,1
207,297,1
207,311,1
207,341,1
207,357,1
207,364,1
208,18,1
208,19,1
208,22,1
208,49,1
208,101,1
208,151,1
208,208,4
208,291,1
208,297,1
208,310,1
208,341,1
208,342,1
208,367,1
209,20,1
209,21,1
209,23,1
209,55,1
209,107,1
209,145,1
209,209,4
209,291,1
209,297,1
209,311,1
209,336,1
209,347,1
209,361,1
210,0,1
210,1,1
210,4,1
210,56,1
210,103,1
210,158,1
210,210,4
210,292,1
210,298,1
210,304,1
210,343,1
210,351,1
210,374,1
211,2,1
211,3,1
211,5,1
211,62,1
211,109,1
211,152,1
211,211,4
211,293,1
211,298,1
211,304,1
211,345,1
211,349,1
211,368,1
212,6,1
212,7,1
212,10,1
212,50,1
212,97,1
212,156,1
212,212,4
212,292,1
212,298,1
212,305,1
212,337,1
212,349,1
212,372,1
213,8,1
213,9,1
213,11,1
213,60,1
213,111,1
213,146,1
213,213,4
213,292,1
213,299,1
213,305,1
213,339,1
213,351,1
213,362,1
214,12,1
214,13,1
214,16,1
214,48,1
214,99,1
214,150,1
214,214,4
214,293,1
214,299,1
214,304,1
214,339,1
214,343,1
214,366,1
215,14,1
215,15,1
215,17,1
215,54,1
215,105,1
215,144,1
215,215,4
215,293,1
215,299,1
215,305,1
215,337,1
215,345,1
215,360,1
216,30,1
216,32,1
216,57,1
216,114,1
216,134,1
216,161,1
216,166,1
216,191,1
216,216,4
216,318,1
216,324,1
216,359,1
216,374,1
217,31,1
217,34,1
217,59,1
217,108,1
217,140,1
217,160,1
217,167,1
217,185,1
217,217,4
217,319,1
217,330,1
217,353,1
217,380,1
218,36,1
218,38,1
218,63,1
218,115,1
218,128,1
218,155,1
218,164,1
218,189,1
218,218,4
218,318,1
218,324,1
218,357,1
218,368,1
219,37,1
219,40,1
219,65,1
219,102,1
219,142,1
219,154,1
219,165,1
219,179,1
219,219,4
219,325,1
219,331,1
219,347,1
219,382,1
220,42,1
220,44,1
220,69,1
220,109,1
220,130,1
220,153,1
220,158,1
220,183,1
220,220,4
220,319,1
220,330,1
220,351,1
220,370,1
221,43,1
221,46,1
221,71,1
221,103,1
221,136,1
221,152,1
221,159,1
221,177,1
221,221,4
221,325,1
221,331,1
221,345,1
221,376,1
222,24,1
222,26,1
222,51,1
222,116,1
222,132,1
222,160,1
222,167,1
222,190,1
222,222,4
222,312,1
222,326,1
222,358,1
222,372,1
223,25,1
223,28,1
223,53,1
223,110,1
223,138,1
223,161,1
223,166,1
223,184,1
223,223,4
223,313,1
223,332,1
223,352,1
223,378,1
224,36,1
224,38,1
224,61,1
224,117,1
224,122,1
224,149,1
224,162,1
224,187,1
224,224,4
224,312,1
224,326,1
224,355,1
224,362,1
225,39,1
225,41,1
225,64,1
225,96,1
225,143,1
225,148,1
225,163,1
225,173,1
225,225,4
225,327,1
225,333,1
225,341,1
225,383,1
226,42,1
226,44,1
226,67,1
226,111,1
226,124,1
226,147,1
226,156,1
226,181,1
226,226,4
226,313,1
226,332,1
226,349,1
226,364,1
227,45,1
227,47,1
227,70,1
227,97,1
227,137,1
227,146,1
227,157,1
227,171,1
227,227,4
227,327,1
227,333,1
227,339,1
227,377,1
228,24,1
228,26,1
228,49,1
228,118,1
228,126,1
228,154,1
228,165,1
228,188,1
228,228,4
228,314,1
228,320,1
228,356,1
228,366,1
229,27,1
229,29,1
229,52,1
229,104,1
229,139,1
229,155,1
229,164,1
229,178,1
229,229,4
229,315,1
229,334,1
229,346,1
229,379,1
230,30,1
230,32,1
230,55,1
230,119,1
230,120,1
230,148,1
230,163,1
230,186,1
230,230,4
230,314,1
230,320,1
230,354,1
230,360,1
231,33,1
231,35,1
231,58,1
231,98,1
231,141,1
231,149,1
231,162,1
231,172,1
231,231,4
231,321,1
231,335,1
231,340,1
231,381,1
232,43,1
232,46,1
232,66,1
232,105,1
232,125,1
232,145,1
232,150,1
232,175,1
232,232,4
232,315,1
232,334,1
232,343,1
232,365,1
233,45,1
233,47,1
233,68,1
233,99,1
233,131,1
233,144,1
233,151,1
233,169,1
233,233,4
233,321,1
233,335,1
233,337,1
233,371,1
234,25,1
234,28,1
234,48,1
234,112,1
234,127,1
234,152,1
234,159,1
234,182,1
234,234,4
234,316,1
234,322,1
234,350,1
234,367,1
235,27,1
235,29,1
235,50,1
235,106,1
235,133,1
235,153,1
235,158,1
235,176,1
235,235,4
235,317,1
235,328,1
235,344,1
235,373,1
236,31,1
236,34,1
236,54,1
236,113,1
236,121,1
236,146,1
236,157,1
236,180,1
236,236,4
236,316,1
236,322,1
236,348,1
236,361,1
237,33,1
237,35,1
237,56,1
237,100,1
237,135,1
237,147,1
237,156,1
237,170,1
237,237,4
237,323,1
237,329,1
237,338,1
237,375,1
238,37,1
238,40,1
238,60,1
238,107,1
238,123,1
238,144,1
238,151,1
238,174,1
238,238,4
238,317,1
238,328,1
238,342,1
238,363,1
239,39,1
239,41,1
239,62,1
239,101,1
239,129,1
239,145,1
239,150,1
239,168,1
239,239,4
239,323,1
239,329,1
239,336,1
239,369,1
240,54,1
240,71,1
240,104,1
240,105,1
240,108,1
240,158,1
240,240,4
240,257,1
240,262,1
240,287,1
240,302,1
240,330,1
240,342,1
241,55,1
241,65,1
241,106,1
241,107,1
241,114,1
241,164,1
241,241,4
241,256,1
241,263,1
241,281,1
241,308,1
241,324,1
241,343,1
242,60,1
242,69,1
242,102,1
242,110,1
242,111,1
242,152,1
242,242,4
242,251,1
242,260,1
242,285,1
242,296,1
242,331,1
242,348,1
243,59,1
243,61,1
243,112,1
243,113,1
243,115,1
243,166,1
243,243,4
243,250,1
243,261,1
243,275,1
243,310,1
243,318,1
243,349,1
244,63,1
244,66,1
244,103,1
244,116,1
244,117,1
244,154,1
244,244,4
244,249,1
244,254,1
244,279,1
244,298,1
244,325,1
244,354,1
245,57,1
245,67,1
245,109,1
245,118,1
245,119,1
245,160,1
245,245,4
245,248,1
245,255,1
245,273,1
245,304,1
245,319,1
245,355,1
246,48,1
246,70,1
246,98,1
246,99,1
246,110,1
246,156,1
246,246,4
246,256,1
246,263,1
246,286,1
246,300,1
246,332,1
246,336,1
247,49,1
247,64,1
247,100,1
247,101,1
247,116,1
247,162,1
247,247,4
247,257,1
247,262,1
247,280,1
247,306,1
247,326,1
247,337,1
248,62,1
248,67,1
248,96,1
248,108,1
248,109,1
248,146,1
248,245,1
248,248,4
248,258,1
248,283,1
248,290,1
248,333,1
248,350,1
249,53,1
249,63,1
249,112,1
249,113,1
249,117,1
249,167,1
249,244,1
249,249,4
249,259,1
249,269,1
249,311,1
249,312,1
249,351,1
250,61,1
250,68,1
250,97,1
250,114,1
250,115,1
250,148,1
250,243,1
250,250,4
250,252,1
250,277,1
250,292,1
250,327,1
250,356,1
251,51,1
251,69,1
251,111,1
251,118,1
251,119,1
251,161,1
251,242,1
251,251,4
251,253,1
251,267,1
251,305,1
251,313,1
251,357,1
252,50,1
252,68,1
252,96,1
252,97,1
252,104,1
252,150,1
252,250,1
252,252,4
252,261,1
252,284,1
252,294,1
252,334,1
252,338,1
253,51,1
253,58,1
253,100,1
253,101,1
253,118,1
253,163,1
253,251,1
253,253,4
253,260,1
253,274,1
253,307,1
253,320,1
253,339,1
254,56,1
254,66,1
254,98,1
254,102,1
254,103,1
254,144,1
254,244,1
254,254,4
254,259,1
254,282,1
254,288,1
254,335,1
254,344,1
255,52,1
255,57,1
255,106,1
255,107,1
255,119,1
255,165,1
255,245,1
255,255,4
255,258,1
255,268,1
255,309,1
255,314,1
255,345,1
256,55,1
256,70,1
256,99,1
256,114,1
256,115,1
256,149,1
256,241,1
256,246,1
256,256,4
256,271,1
256,293,1
256,321,1
256,358,1
257,49,1
257,71,1
257,105,1
257,116,1
257,117,1
257,155,1
257,240,1
257,247,1
257,257,4
257,265,1
257,299,1
257,315,1
257,359,1
258,52,1
258,62,1
258,96,1
258,97,1
258,106,1
258,151,1
258,248,1
258,255,1
258,258,4
258,278,1
258,295,1
258,328,1
258,340,1
259,53,1
259,56,1
259,98,1
259,99,1
259,112,1
259,157,1
259,249,1
259,254,1
259,259,4
259,272,1
259,301,1
259,322,1
259,341,1
260,58,1
260,60,1
260,100,1
260,102,1
260,103,1
260,145,1
260,242,1
260,253,1
260,260,4
260,276,1
260,289,1
260,329,1
260,346,1
261,50,1
261,59,1
261,104,1
261,105,1
261,113,1
261,159,1
261,243,1
261,252,1
261,261,4
261,266,1
261,303,1
261,316,1
261,347,1
262,54,1
262,64,1
262,101,1
262,108,1
262,109,1
262,147,1
262,240,1
262,247,1
262,262,4
262,270,1
262,291,1
262,323,1
262,352,1
263,48,1
263,65,1
263,107,1
263,110,1
263,111,1
263,153,1
263,241,1
263,246,1
263,263,4
263,264,1
263,297,1
263,317,1
263,353,1
264,70,1
264,78,1
264,95,1
264,128,1
264,132,1
264,138,1
264,153,1
264,182,1
264,263,1
264,264,4
264,326,1
264,353,1
264,366,1
265,64,1
265,79,1
265,89,1
265,130,1
265,132,1
265,138,1
265,155,1
265,188,1
265,257,1
265,265,4
265,332,1
265,359,1
265,367,1
266,68,1
266,84,1
266,93,1
266,126,1
266,134,1
266,139,1
266,159,1
266,176,1
266,261,1
266,266,4
266,320,1
266,347,1
266,372,1
267,58,1
267,83,1
267,85,1
267,126,1
267,136,1
267,139,1
267,161,1
267,190,1
267,251,1
267,267,4
267,334,1
267,357,1
267,373,1
268,62,1
268,87,1
268,90,1
268,127,1
268,133,1
268,140,1
268,165,1
268,178,1
268,255,1
268,268,4
268,322,1
268,345,1
268,378,1
269,56,1
269,81,1
269,91,1
269,127,1
269,133,1
269,142,1
269,167,1
269,184,1
269,249,1
269,269,4
269,328,1
269,351,1
269,379,1
270,71,1
270,72,1
270,94,1
270,122,1
270,134,1
270,140,1
270,147,1
270,180,1
270,262,1
270,270,4
270,324,1
270,352,1
270,360,1
271,65,1
271,73,1
271,88,1
271,124,1
271,134,1
271,140,1
271,149,1
271,186,1
271,256,1
271,271,4
271,330,1
271,358,1
271,361,1
272,66,1
272,86,1
272,91,1
272,120,1
272,132,1
272,141,1
272,157,1
272,170,1
272,259,1
272,272,4
272,314,1
272,341,1
272,374,1
273,52,1
273,77,1
273,87,1
273,120,1
273,137,1
273,141,1
273,160,1
273,191,1
273,245,1
273,273,4
273,335,1
273,355,1
273,375,1
274,60,1
274,85,1
274,92,1
274,121,1
274,135,1
274,138,1
274,163,1
274,172,1
274,253,1
274,274,4
274,316,1
274,339,1
274,380,1
275,50,1
275,75,1
275,93,1
275,121,1
275,135,1
275,143,1
275,166,1
275,185,1
275,243,1
275,275,4
275,329,1
275,349,1
275,381,1
276,69,1
276,74,1
276,92,1
276,120,1
276,128,1
276,142,1
276,145,1
276,174,1
276,260,1
276,276,4
276,318,1
276,346,1
276,362,1
277,59,1
277,75,1
277,82,1
277,125,1
277,128,1
277,142,1
277,148,1
277,187,1
277,250,1
277,277,4
277,331,1
277,356,1
277,363,1
278,67,1
278,80,1
278,90,1
278,122,1
278,126,1
278,143,1
278,151,1
278,168,1
278,258,1
278,278,4
278,312,1
278,340,1
278,368,1
279,53,1
279,76,1
279,81,1
279,122,1
279,131,1
279,143,1
279,154,1
279,189,1
279,244,1
279,279,4
279,333,1
279,354,1
279,369,1
280,54,1
280,79,1
280,94,1
280,123,1
280,129,1
280,139,1
280,162,1
280,173,1
280,247,1
280,280,4
280,317,1
280,337,1
280,382,1
281,48,1
281,73,1
281,95,1
281,123,1
281,129,1
281,141,1
281,164,1
281,179,1
281,241,1
281,281,4
281,323,1
281,343,1
281,383,1
282,63,1
282,76,1
282,86,1
282,121,1
282,130,1
282,136,1
282,144,1
282,175,1
282,254,1
282,282,4
282,319,1
282,344,1
282,364,1
283,57,1
283,77,1
283,80,1
283,123,1
283,130,1
283,136,1
283,146,1
283,181,1
283,248,1
283,283,4
283,325,1
283,350,1
283,365,1
284,61,1
284,82,1
284,84,1
284,124,1
284,127,1
284,137,1
284,150,1
284,169,1
284,252,1
284,284,4
284,313,1
284,338,1
284,370,1
285,51,1
285,74,1
285,83,1
285,124,1
285,129,1
285,137,1
285,152,1
285,183,1
285,242,1
285,285,4
285,327,1
285,348,1
285,371,1
286,55,1
286,78,1
286,88,1
286,125,1
286,131,1
286,133,1
286,156,1
286,171,1
286,246,1
286,286,4
286,315,1
286,336,1
286,376,1
287,49,1
287,72,1
287,89,1
287,125,1
287,131,1
287,135,1
287,158,1
287,177,1
287,240,1
287,287,4
287,321,1
287,342,1
287,377,1
288,14,1
288,17,1
288,102,1
288,119,1
288,198,1
288,200,1
288,201,1
288,254,1
288,288,4
288,335,1
288,348,1
288,354,1
288,382,1
289,20,1
289,23,1
289,103,1
289,113,1
289,199,1
289,202,1
289,203,1
289,260,1
289,289,4
289,329,1
289,348,1
289,354,1
289,376,1
290,8,1
290,11,1
290,108,1
290,117,1
290,204,1
290,206,1
290,207,1
290,248,1
290,290,4
290,333,1
290,342,1
290,355,1
290,380,1
291,21,1
291,22,1
291,107,1
291,109,1
291,205,1
291,208,1
291,209,1
291,262,1
291,291,4
291,323,1
291,342,1
291,355,1
291,370,1
292,9,1
292,10,1
292,111,1
292,114,1
292,210,1
292,212,1
292,213,1
292,250,1
292,292,4
292,327,1
292,343,1
292,349,1
292,374,1
293,15,1
293,16,1
293,105,1
293,115,1
293,211,1
293,214,1
293,215,1
293,256,1
293,293,4
293,321,1
293,343,1
293,349,1
293,368,1
294,12,1
294,16,1
294,96,1
294,118,1
294,192,1
294,194,1
294,195,1
294,252,1
294,294,4
294,334,1
294,350,1
294,356,1
294,383,1
295,18,1
295,22,1
295,97,1
295,112,1
295,193,1
295,196,1
295,197,1
295,258,1
295,295,4
295,328,1
295,350,1
295,356,1
295,377,1
296,2,1
296,5,1
296,110,1
296,115,1
296,204,1
296,205,1
296,206,1
296,242,1
296,296,4
296,331,1
296,336,1
296,357,1
296,378,1
297,19,1
297,23,1
297,101,1
297,111,1
297,207,1
297,208,1
297,209,1
297,263,1
297,297,4
297,317,1
297,336,1
297,357,1
297,364,1
298,3,1
298,4,1
298,109,1
298,116,1
298,210,1
298,211,1
298,212,1
298,244,1
298,298,4
298,325,1
298,337,1
298,351,1
298,372,1
299,13,1
299,17,1
299,99,1
299,117,1
299,213,1
299,214,1
299,215,1
299,257,1
299,299,4
299,315,1
299,337,1
299,351,1
299,362,1
300,6,1
300,10,1
300,98,1
300,116,1
300,192,1
300,193,1
300,194,1
300,246,1
300,300,4
300,332,1
300,344,1
300,358,1
300,381,1
301,19,1
301,20,1
301,99,1
301,106,1
301,195,1
301,196,1
301,197,1
301,259,1
301,301,4
301,322,1
301,344,1
301,358,1
301,371,1
302,0,1
302,4,1
302,104,1
302,114,1
302,198,1
302,199,1
302,200,1
302,240,1
302,302,4
302,330,1
302,338,1
302,359,1
302,379,1
303,18,1
303,21,1
303,100,1
303,105,1
303,201,1
303,202,1
303,203,1
303,261,1
303,303,4
303,316,1
303,338,1
303,359,1
303,365,1
304,1,1
304,5,1
304,103,1
304,118,1
304,210,1
304,211,1
304,214,1
304,245,1
304,304,4
304,319,1
304,339,1
304,345,1
304,366,1
305,7,1
305,11,1
305,97,1
305,119,1
305,212,1
305,213,1
305,215,1
305,251,1
305,305,4
305,313,1
305,339,1
305,345,1
305,360,1
306,7,1
306,8,1
306,100,1
306,110,1
306,192,1
306,193,1
306,196,1
306,247,1
306,306,4
306,326,1
306,346,1
306,352,1
306,375,1
307,13,1
307,14,1
307,101,1
307,104,1
307,194,1
307,195,1
307,197,1
307,253,1
307,307,4
307,320,1
307,346,1
307,352,1
307,369,1
308,1,1
308,2,1
308,106,1
308,108,1
308,198,1
308,199,1
308,202,1
308,241,1
308,308,4
308,324,1
308,340,1
308,353,1
308,373,1
309,12,1
309,15,1
309,98,1
309,107,1
309,200,1
309,201,1
309,203,1
309,255,1
309,309,4
309,314,1
309,340,1
309,353,1
309,363,1
310,0,1
310,3,1
310,102,1
310,112,1
310,204,1
310,205,1
310,208,1
310,243,1
310,310,4
310,318,1
310,341,1
310,347,1
310,367,1
311,6,1
311,9,1
311,96,1
311,113,1
311,206,1
311,207,1
311,209,1
311,249,1
311,311,4
311,312,1
311,341,1
311,347,1
311,361,1
312,38,1
312,113,1
312,126,1
312,143,1
312,162,1
312,190,1
312,222,1
312,224,1
312,249,1
312,278,1
312,311,1
312,312,4
312,372,1
313,44,1
313,119,1
313,127,1
313,137,1
313,156,1
313,184,1
313,223,1
313,226,1
313,251,1
313,284,1
313,305,1
313,313,4
313,378,1
314,32,1
314,107,1
314,132,1
314,141,1
314,163,1
314,188,1
314,228,1
314,230,1
314,255,1
314,272,1
314,309,1
314,314,4
314,366,1
315,46,1
315,117,1
315,131,1
315,133,1
315,150,1
315,178,1
315,229,1
315,232,1
315,257,1
315,286,1
315,299,1
315,315,4
315,379,1
316,34,1
316,105,1
316,135,1
316,138,1
316,157,1
316,182,1
316,234,1
316,236,1
316,261,1
316,274,1
316,303,1
316,316,4
316,367,1
317,40,1
317,111,1
317,129,1
317,139,1
317,151,1
317,176,1
317,235,1
317,238,1
317,263,1
317,280,1
317,297,1
317,317,4
317,373,1
318,36,1
318,112,1
318,120,1
318,142,1
318,164,1
318,191,1
318,216,1
318,218,1
318,243,1
318,276,1
318,310,1
318,318,4
318,374,1
319,42,1
319,118,1
319,121,1
319,136,1
319,158,1
319,185,1
319,217,1
319,220,1
319,245,1
319,282,1
319,304,1
319,319,4
319,380,1
320,26,1
320,101,1
320,134,1
320,139,1
320,165,1
320,186,1
320,228,1
320,230,1
320,253,1
320,266,1
320,307,1
320,320,4
320,360,1
321,47,1
321,115,1
321,125,1
321,135,1
321,144,1
321,172,1
321,231,1
321,233,1
321,256,1
321,287,1
321,293,1
321,321,4
321,381,1
322,28,1
322,99,1
322,133,1
322,140,1
322,159,1
322,180,1
322,234,1
322,236,1
322,259,1
322,268,1
322,301,1
322,322,4
322,361,1
323,41,1
323,109,1
323,123,1
323,141,1
323,145,1
323,170,1
323,237,1
323,239,1
323,262,1
323,281,1
323,291,1
323,323,4
323,375,1
324,30,1
324,106,1
324,122,1
324,140,1
324,166,1
324,189,1
324,216,1
324,218,1
324,241,1
324,270,1
324,308,1
324,324,4
324,368,1
325,43,1
325,116,1
325,123,1
325,130,1
325,152,1
325,179,1
325,219,1
325,221,1
325,244,1
325,283,1
325,298,1
325,325,4
325,382,1
326,24,1
326,100,1
326,128,1
326,138,1
326,167,1
326,187,1
326,222,1
326,224,1
326,247,1
326,264,1
326,306,1
326,326,4
326,362,1
327,45,1
327,114,1
327,124,1
327,129,1
327,146,1
327,173,1
327,225,1
327,227,1
327,250,1
327,285,1
327,292,1
327,327,4
327,383,1
328,29,1
328,97,1
328,127,1
328,142,1
328,153,1
328,174,1
328,235,1
328,238,1
328,258,1
328,269,1
328,295,1
328,328,4
328,363,1
329,35,1
329,103,1
329,121,1
329,143,1
329,147,1
329,168,1
329,237,1
329,239,1
329,260,1
329,275,1
329,289,1
329,329,4
329,369,1
330,31,1
330,104,1
330,124,1
330,134,1
330,160,1
330,183,1
330,217,1
330,220,1
330,240,1
330,271,1
330,302,1
330,330,4
330,370,1
331,37,1
331,110,1
331,125,1
331,128,1
331,154,1
331,177,1
331,219,1
331,221,1
331,242,1
331,277,1
331,296,1
331,331,4
331,376,1
332,25,1
332,98,1
332,130,1
332,132,1
332,161,1
332,181,1
332,223,1
332,226,1
332,246,1
332,265,1
332,300,1
332,332,4
332,364,1
333,39,1
333,108,1
333,122,1
333,131,1
333,148,1
333,171,1
333,225,1
333,227,1
333,248,1
333,279,1
333,290,1
333,333,4
333,377,1
334,27,1
334,96,1
334,126,1
334,136,1
334,155,1
334,175,1
334,229,1
334,232,1
334,252,1
334,267,1
334,294,1
334,334,4
334,365,1
335,33,1
335,102,1
335,120,1
335,137,1
335,149,1
335,169,1
335,231,1
335,233,1
335,254,1
335,273,1
335,288,1
335,335,4
335,371,1
336,23,1
336,62,1
336,150,1
336,156,1
336,206,1
336,209,1
336,239,1
336,246,1
336,286,1
336,296,1
336,297,1
336,336,4
336,378,1
337,17,1
337,68,1
337,151,1
337,162,1
337,212,1
337,215,1
337,233,1
337,247,1
337,280,1
337,298,1
337,299,1
337,337,4
337,372,1
338,21,1
338,56,1
338,150,1
338,156,1
338,200,1
338,203,1
338,237,1
338,252,1
338,284,1
338,302,1
338,303,1
338,338,4
338,379,1
339,11,1
339,70,1
339,157,1
339,163,1
339,213,1
339,214,1
339,227,1
339,253,1
339,274,1
339,304,1
339,305,1
339,339,4
339,366,1
340,15,1
340,58,1
340,151,1
340,162,1
340,201,1
340,202,1
340,231,1
340,258,1
340,278,1
340,308,1
340,309,1
340,340,4
340,373,1
341,9,1
341,64,1
341,157,1
341,163,1
341,207,1
341,208,1
341,225,1
341,259,1
341,272,1
341,310,1
341,311,1
341,341,4
341,367,1
342,22,1
342,60,1
342,144,1
342,158,1
342,204,1
342,208,1
342,238,1
342,240,1
342,287,1
342,290,1
342,291,1
342,342,4
342,380,1
343,16,1
343,66,1
343,145,1
343,164,1
343,210,1
343,214,1
343,232,1
343,241,1
343,281,1
343,292,1
343,293,1
343,343,4
343,374,1
344,19,1
344,50,1
344,144,1
344,158,1
344,194,1
344,197,1
344,235,1
344,254,1
344,282,1
344,300,1
344,301,1
344,344,4
344,381,1
345,5,1
345,71,1
345,159,1
345,165,1
345,211,1
345,215,1
345,221,1
345,255,1
345,268,1
345,304,1
345,305,1
345,345,4
345,360,1
346,13,1
346,52,1
346,145,1
346,164,1
346,195,1
346,196,1
346,229,1
346,260,1
346,276,1
346,306,1
346,307,1
346,346,4
346,375,1
347,3,1
347,65,1
347,159,1
347,165,1
347,205,1
347,209,1
347,219,1
347,261,1
347,266,1
347,310,1
347,311,1
347,347,4
347,361,1
348,20,1
348,54,1
348,146,1
348,152,1
348,198,1
348,202,1
348,236,1
348,242,1
348,285,1
348,288,1
348,289,1
348,348,4
348,382,1
349,10,1
349,67,1
349,147,1
349,166,1
349,211,1
349,212,1
349,226,1
349,243,1
349,275,1
349,292,1
349,293,1
349,349,4
349,368,1
350,18,1
350,48,1
350,146,1
350,152,1
350,192,1
350,196,1
350,234,1
350,248,1
350,283,1
350,294,1
350,295,1
350,350,4
350,383,1
351,4,1
351,69,1
351,153,1
351,167,1
351,210,1
351,213,1
351,220,1
351,249,1
351,269,1
351,298,1
351,299,1
351,351,4
351,362,1
352,7,1
352,53,1
352,147,1
352,166,1
352,193,1
352,197,1
352,223,1
352,262,1
352,270,1
352,306,1
352,307,1
352,352,4
352,369,1
353,1,1
353,59,1
353,153,1
353,167,1
353,199,1
353,203,1
353,217,1
353,263,1
353,264,1
353,308,1
353,309,1
353,353,4
353,363,1
354,14,1
354,55,1
354,148,1
354,154,1
354,199,1
354,200,1
354,230,1
354,244,1
354,279,1
354,288,1
354,289,1
354,354,4
354,376,1
355,8,1
355,61,1
355,149,1
355,160,1
355,205,1
355,206,1
355,224,1
355,245,1
355,273,1
355,290,1
355,291,1
355,355,4
355,370,1
356,12,1
356,49,1
356,148,1
356,154,1
356,193,1
356,194,1
356,228,1
356,250,1
356,277,1
356,294,1
356,295,1
356,356,4
356,377,1
357,2,1
357,63,1
357,155,1
357,161,1
357,204,1
357,207,1
357,218,1
357,251,1
357,267,1
357,296,1
357,297,1
357,357,4
357,364,1
358,6,1
358,51,1
358,149,1
358,160,1
358,192,1
358,195,1
358,222,1
358,256,1
358,271,1
358,300,1
358,301,1
358,358,4
358,371,1
359,0,1
359,57,1
359,155,1
359,161,1
359,198,1
359,201,1
359,216,1
359,257,1
359,265,1
359,302,1
359,303,1
359,359,4
359,365,1
360,47,1
360,86,1
360,94,1
360,174,1
360,180,1
360,186,1
360,215,1
360,230,1
360,270,1
360,305,1
360,320,1
360,345,1
360,360,4
361,41,1
361,88,1
361,92,1
361,175,1
361,180,1
361,186,1
361,209,1
361,236,1
361,271,1
361,311,1
361,322,1
361,347,1
361,361,4
362,45,1
362,80,1
362,92,1
362,174,1
362,180,1
362,187,1
362,213,1
362,224,1
362,276,1
362,299,1
362,326,1
362,351,1
362,362,4
363,35,1
363,82,1
363,94,1
363,174,1
363,181,1
363,187,1
363,203,1
363,238,1
363,277,1
363,309,1
363,328,1
363,353,1
363,363,4
364,39,1
364,82,1
364,86,1
364,175,1
364,181,1
364,186,1
364,207,1
364,226,1
364,282,1
364,297,1
364,332,1
364,357,1
364,364,4
365,33,1
365,80,1
365,88,1
365,175,1
365,181,1
365,187,1
365,201,1
365,232,1
365,283,1
365,303,1
365,334,1
365,359,1
365,365,4
366,46,1
366,84,1
366,95,1
366,168,1
366,182,1
366,188,1
366,214,1
366,228,1
366,264,1
366,304,1
366,314,1
366,339,1
366,366,4
367,40,1
367,89,1
367,90,1
367,169,1
367,182,1
367,188,1
367,208,1
367,234,1
367,265,1
367,310,1
367,316,1
367,341,1
367,367,4
368,43,1
368,74,1
368,90,1
368,168,1
368,182,1
368,189,1
368,211,1
368,218,1
368,278,1
368,293,1
368,324,1
368,349,1
368,368,4
369,29,1
369,76,1
369,95,1
369,168,1
369,183,1
369,189,1
369,197,1
369,239,1
369,279,1
369,307,1
369,329,1
369,352,1
369,369,4
370,37,1
370,76,1
370,84,1
370,169,1
370,183,1
370,188,1
370,205,1
370,220,1
370,284,1
370,291,1
370,330,1
370,355,1
370,370,4
371,27,1
371,74,1
371,89,1
371,169,1
371,183,1
371,189,1
371,195,1
371,233,1
371,285,1
371,301,1
371,335,1
371,358,1
371,371,4
372,44,1
372,78,1
372,93,1
372,170,1
372,176,1
372,190,1
372,212,1
372,222,1
372,266,1
372,298,1
372,312,1
372,337,1
372,372,4
373,34,1
373,83,1
373,91,1
373,171,1
373,176,1
373,190,1
373,202,1
373,235,1
373,267,1
373,308,1
373,317,1
373,340,1
373,373,4
374,42,1
374,72,1
374,91,1
374,170,1
374,176,1
374,191,1
374,210,1
374,216,1
374,272,1
374,292,1
374,318,1
374,343,1
374,374,4
375,28,1
375,77,1
375,93,1
375,170,1
375,177,1
375,191,1
375,196,1
375,237,1
375,273,1
375,306,1
375,323,1
375,346,1
375,375,4
376,31,1
376,77,1
376,78,1
376,171,1
376,177,1
376,190,1
376,199,1
376,221,1
376,286,1
376,289,1
376,331,1
376,354,1
376,376,4
377,25,1
377,72,1
377,83,1
377,171,1
377,177,1
377,191,1
377,193,1
377,227,1
377,287,1
377,295,1
377,333,1
377,356,1
377,377,4
378,38,1
378,79,1
378,87,1
378,172,1
378,178,1
378,184,1
378,206,1
378,223,1
378,268,1
378,296,1
378,313,1
378,336,1
378,378,4
379,32,1
379,81,1
379,85,1
379,173,1
379,178,1
379,184,1
379,200,1
379,229,1
379,269,1
379,302,1
379,315,1
379,338,1
379,379,4
380,36,1
380,73,1
380,85,1
380,172,1
380,178,1
380,185,1
380,204,1
380,217,1
380,274,1
380,290,1
380,319,1
380,342,1
380,380,4
381,26,1
381,75,1
381,87,1
381,172,1
381,179,1
381,185,1
381,194,1
381,231,1
381,275,1
381,300,1
381,321,1
381,344,1
381,381,4
382,30,1
382,75,1
382,79,1
382,173,1
382,179,1
382,184,1
382,198,1
382,219,1
382,280,1
382,288,1
382,325,1
382,348,1
382,382,4
383,24,1
383,73,1
383,81,1
383,173,1
383,179,1
383,185,1
383,192,1
383,225,1
383,281,1
383,294,1
383,327,1
383,350,1
383,383,4
